{
  "best_model": "random_forest",
  "model_performance": {
    "logistic_regression": {
      "accuracy": 0.9435620141939844,
      "precision": 0.9186767746381805,
      "recall": 0.9645441389290883,
      "f1": 0.9410518884574656,
      "auc": 0.9640801380554589
    },
    "random_forest": {
      "accuracy": 0.9557282865833052,
      "precision": 0.9310820124052378,
      "recall": 0.9775687409551375,
      "f1": 0.9537592657959761,
      "auc": 0.9646600531151952
    },
    "gradient_boosting": {
      "accuracy": 0.95420750253464,
      "precision": 0.9302726958923024,
      "recall": 0.9750361794500724,
      "f1": 0.9521285991874228,
      "auc": 0.9639463291508634
    }
  },
  "baseline_comparison": {
    "most_frequent": 0.5329503210544103,
    "stratified": 0.5119972963839134,
    "improvement_over_baseline": 0.4227779655288949,
    "f1_improvement": 0.9537592657959761
  },
  "feature_names": [
    "shots",
    "made_shots",
    "missed_shots",
    "rebounds",
    "turnovers",
    "steals",
    "blocks",
    "assists",
    "fouls",
    "fg_percentage",
    "shot_attempts_per_event",
    "points_per_possession",
    "turnover_rate",
    "steal_rate",
    "block_rate",
    "defensive_events",
    "scoring_run",
    "defensive_run",
    "shot_clustering",
    "turnover_clustering",
    "momentum_swings",
    "avg_period",
    "late_game",
    "avg_time_remaining",
    "clutch_time",
    "shooting_trend",
    "turnover_trend",
    "momentum_score",
    "momentum_ratio"
  ],
  "training_timestamp": "2025-10-23T17:25:04.935773",
  "data_summary": {
    "total_examples": 11836,
    "test_examples": 5918,
    "num_features": 29
  }
}