{
  "evaluation_timestamp": "2025-10-25T10:52:13.614982",
  "model_info": {
    "model_type": "RandomForestClassifier",
    "training_accuracy": 95.6,
    "training_f1": 95.4,
    "features_count": 29
  },
  "historical_evaluation": {
    "games_evaluated": 7,
    "momentum_predictions": [
      {
        "game_id": "0022500090",
        "teams": {
          "HOME": {
            "tmi_value": -0.032961948951578515,
            "prediction_probability": 0.9999993843716757,
            "confidence_score": 0.9999993843716757,
            "momentum_direction": "negative",
            "momentum_strength": 0.032961948951578515
          },
          "AWAY": {
            "tmi_value": 0.05100186843409114,
            "prediction_probability": 0.9999973103984567,
            "confidence_score": 0.9999973103984567,
            "momentum_direction": "positive",
            "momentum_strength": 0.05100186843409114
          }
        },
        "momentum_differential": -0.08396381738566966,
        "predicted_advantage": "AWAY",
        "confidence_avg": 0.9999983473850662,
        "momentum_strength": 0.08396381738566966
      },
      {
        "game_id": "0022500018",
        "teams": {
          "HOME": {
            "tmi_value": 0.19931245303080833,
            "prediction_probability": 0.878835191283001,
            "confidence_score": 0.878835191283001,
            "momentum_direction": "positive",
            "momentum_strength": 0.19931245303080833
          },
          "AWAY": {
            "tmi_value": -0.019632102799710983,
            "prediction_probability": 0.9999994747309159,
            "confidence_score": 0.9999994747309159,
            "momentum_direction": "negative",
            "momentum_strength": 0.019632102799710983
          }
        },
        "momentum_differential": 0.2189445558305193,
        "predicted_advantage": "HOME",
        "confidence_avg": 0.9394173330069584,
        "momentum_strength": 0.2189445558305193
      },
      {
        "game_id": "0022500019",
        "teams": {
          "AWAY": {
            "tmi_value": -0.09035116972179148,
            "prediction_probability": 0.9995172896741338,
            "confidence_score": 0.9995172896741338,
            "momentum_direction": "negative",
            "momentum_strength": 0.09035116972179148
          },
          "HOME": {
            "tmi_value": -0.15493975940183782,
            "prediction_probability": 1.0,
            "confidence_score": 1.0,
            "momentum_direction": "negative",
            "momentum_strength": 0.15493975940183782
          }
        },
        "momentum_differential": 0.06458858968004634,
        "predicted_advantage": "AWAY",
        "confidence_avg": 0.9997586448370669,
        "momentum_strength": 0.06458858968004634
      },
      {
        "game_id": "0022500093",
        "teams": {
          "AWAY": {
            "tmi_value": -0.035319696069544194,
            "prediction_probability": 0.9999474998551391,
            "confidence_score": 0.9999474998551391,
            "momentum_direction": "negative",
            "momentum_strength": 0.035319696069544194
          },
          "HOME": {
            "tmi_value": -0.021437487715739157,
            "prediction_probability": 0.999999997361676,
            "confidence_score": 0.999999997361676,
            "momentum_direction": "negative",
            "momentum_strength": 0.021437487715739157
          }
        },
        "momentum_differential": -0.013882208353805037,
        "predicted_advantage": "HOME",
        "confidence_avg": 0.9999737486084075,
        "momentum_strength": 0.013882208353805037
      },
      {
        "game_id": "concurrent_game_000",
        "teams": {
          "LAL": {
            "tmi_value": -0.06937218462755805,
            "prediction_probability": 0.9999997435456076,
            "confidence_score": 0.9999997435456076,
            "momentum_direction": "negative",
            "momentum_strength": 0.06937218462755805
          },
          "GSW": {
            "tmi_value": 0.051754916950676584,
            "prediction_probability": 0.999999915427761,
            "confidence_score": 0.999999915427761,
            "momentum_direction": "positive",
            "momentum_strength": 0.051754916950676584
          }
        },
        "momentum_differential": -0.12112710157823464,
        "predicted_advantage": "GSW",
        "confidence_avg": 0.9999998294866843,
        "momentum_strength": 0.12112710157823464
      },
      {
        "game_id": "concurrent_game_001",
        "teams": {
          "LAL": {
            "tmi_value": -0.06937218462755805,
            "prediction_probability": 0.9999997435456076,
            "confidence_score": 0.9999997435456076,
            "momentum_direction": "negative",
            "momentum_strength": 0.06937218462755805
          },
          "GSW": {
            "tmi_value": 0.051754916950676584,
            "prediction_probability": 0.999999915427761,
            "confidence_score": 0.999999915427761,
            "momentum_direction": "positive",
            "momentum_strength": 0.051754916950676584
          }
        },
        "momentum_differential": -0.12112710157823464,
        "predicted_advantage": "GSW",
        "confidence_avg": 0.9999998294866843,
        "momentum_strength": 0.12112710157823464
      },
      {
        "game_id": "concurrent_game_002",
        "teams": {
          "LAL": {
            "tmi_value": -0.06937218462755805,
            "prediction_probability": 0.9999997435456076,
            "confidence_score": 0.9999997435456076,
            "momentum_direction": "negative",
            "momentum_strength": 0.06937218462755805
          },
          "GSW": {
            "tmi_value": 0.051754916950676584,
            "prediction_probability": 0.999999915427761,
            "confidence_score": 0.999999915427761,
            "momentum_direction": "positive",
            "momentum_strength": 0.051754916950676584
          }
        },
        "momentum_differential": -0.12112710157823464,
        "predicted_advantage": "GSW",
        "confidence_avg": 0.9999998294866843,
        "momentum_strength": 0.12112710157823464
      }
    ],
    "accuracy_metrics": {
      "total_games": 7,
      "average_momentum_strength": 0.10639435371210634,
      "average_confidence": 0.9913067946139361,
      "strong_momentum_games": 4,
      "weak_momentum_games": 3,
      "momentum_distribution": {
        "min": 0.013882208353805037,
        "max": 0.2189445558305193,
        "std": 0.05871001068319692,
        "median": 0.12112710157823464
      },
      "confidence_distribution": {
        "min": 0.9394173330069584,
        "max": 0.9999998294866843,
        "std": 0.021183941846422666,
        "median": 0.9999983473850662
      }
    },
    "detailed_results": [
      {
        "game_id": "0022500090",
        "teams": "ATL @ ORL",
        "analysis": {
          "game_id": "0022500090",
          "teams": {
            "HOME": {
              "tmi_value": -0.032961948951578515,
              "prediction_probability": 0.9999993843716757,
              "confidence_score": 0.9999993843716757,
              "momentum_direction": "negative",
              "momentum_strength": 0.032961948951578515
            },
            "AWAY": {
              "tmi_value": 0.05100186843409114,
              "prediction_probability": 0.9999973103984567,
              "confidence_score": 0.9999973103984567,
              "momentum_direction": "positive",
              "momentum_strength": 0.05100186843409114
            }
          },
          "momentum_differential": -0.08396381738566966,
          "predicted_advantage": "AWAY",
          "confidence_avg": 0.9999983473850662,
          "momentum_strength": 0.08396381738566966
        }
      },
      {
        "game_id": "0022500018",
        "teams": "BOS @ NYK",
        "analysis": {
          "game_id": "0022500018",