{
  "model_info": {
    "model_type": "improved_v2_ensemble",
    "training_timestamp": "20251025_135412",
    "target_column": "momentum_continues_5",
    "num_features": 20,
    "models_trained": [
      "random_forest",
      "gradient_boosting",
      "logistic_regression",
      "xgboost",
      "lightgbm"
    ],
    "class_weights": {
      "0": 0.5676201342161293,
      "1": 4.1971236880563305
    }
  },
  "model_scores": {
    "random_forest": {
      "accuracy": 0.18968409723980756,
      "precision": 0.1266329252445113,
      "recall": 0.9839245383286834,
      "f1": 0.2243868446168063,
      "auc": 0.693977182976758,
      "avg_precision": 0.21848486544950274
    },
    "gradient_boosting": {
      "accuracy": 0.880404849328944,
      "precision": 0.3422459893048128,
      "recall": 0.004251361764315132,
      "f1": 0.008398399055180106,
      "auc": 0.71200207780895,
      "avg_precision": 0.22962266677195262
    },
    "logistic_regression": {
      "accuracy": 0.1248179918966827,
      "precision": 0.11979179102695733,
      "recall": 0.9998007174172977,
      "f1": 0.21394912471481267,
      "auc": 0.6974509009482125,
      "avg_precision": 0.21601472219485301
    },
    "xgboost": {
      "accuracy": 0.8808717396809319,
      "precision": 0.5,
      "recall": 0.00019928258270227183,
      "f1": 0.00039840637450199205,
      "auc": 0.701723110754008,
      "avg_precision": 0.21888996136907968
    },
    "lightgbm": {
      "accuracy": 0.20794821473790834,
      "precision": 0.12884528091064631,
      "recall": 0.9804703068951773,
      "f1": 0.22776020368798705,
      "auc": 0.6987394991436748,
      "avg_precision": 0.21706813145915976
    }
  },
  "best_model": "lightgbm",
  "selected_features": [
    "is_rebound",
    "is_turnover",
    "is_steal",
    "is_block",
    "event_value",
    "late_game",
    "clutch_time",
    "period",
    "momentum_last_5",
    "momentum_last_10",
    "momentum_last_15",
    "turnovers_last_5",
    "turnovers_last_10",
    "turnovers_last_15",
    "positive_event",
    "negative_event",
    "clutch_momentum",
    "late_game_momentum",
    "early_game_momentum",
    "positive_streak_length"
  ]
}